district,school,county,grades,students,teachers,calworks,lunch,computer,expenditure,income,english,read,math
75119,Sunol Glen Unified,ALAMEDA,KK-08,195,10.899999618530273,0.510200023651123,2.040800094604492,67,6384.9111328125,22.690000534057617,0,691.5999755859375,690
