district,school,county,grades,students,teachers,calworks,lunch,computer,expenditure,income,english,read,math
61499,Manzanita Elementary,Butte,KK-08,240,11.149999618530273,15.41670036315918,47.91669845581055,101,5099.380859375,9.824000358581543,4.583333492279053,660.5,661.9000244140625
61549,Thermalito Union Elementary,butte,KK-08,1550,82.9000015258789,55.03229904174805,76.322601318359375,169,5501.95458984375,8.977999687194824,30.000001907348633,636.29998779296875,650.9000244140625
61457,Golden Feather Union Elementary,butte,KK-08,243,14,36.475399017333984,77.04920196533203,85,7101.8310546875,8.977999687194824,0,651.9000244140625,643.5
61523,Palermo Union Elementary,Butte,KK-08,1335,71.5,33.10860061645508,78.427001953125,171,5235.98779296875,9.08033275604248,13.857677459716797,641.79998779296875,639.9000244140625
61382,Bangor Union Elementary,Butte,KK-08,146,8,25.342500686645508,54.10960006713867,34,6231.6015625,7.105000019073486,0,646.0999755859375,629.79998779296875
61507,Oroville City Elementary,butte,KK-08,3401,175.5500030517578,52.21989822387695,74.27230072021484,560,5489.5888671875,11.266124725341797,16.171714782714844,641.5,638.0999755859375
