district,school,county,grades,students,teachers,calworks,lunch,computer,expenditure,income,english,read,math
61572,Mark Twain Union Elementary,calaveras,KK-08,777,36.849998474121094,12.988699913024902,39.84870147705078,148,5482.67724609375,13.243000030517578,1.1583011150360107,663.4000244140625,650.20001220703125
