district,school,county,grades,students,teachers,calworks,lunch,computer,expenditure,income,english,read,math
61705,Knightsen Elementary,contra costa,KK-08,353,19.979999542236328,8.672100067138672,33.06230163574219,8,5238.39208984375,14.652999877929688,5.382436275482178,636.5999755859375,633.5
61655,Brentwood Union Elementary,Contra Costa,KK-08,3519,175.3000030517578,5.541299819946289,29.781200408935547,789,5105.734375,15.027000427246094,15.45893669128418,655.4000244140625,645.79998779296875
61762,Oakley Union Elementary,CONTRA COSTA,KK-08,4153,199.86000061035156,7.526899814605713,23.440900802612305,241,4965.2900390625,16.322999954223633,4.984348773956299,657.4000244140625,652.70001220703125
61812,Walnut Creek Elementary,Contra Costa,KK-08,3280,158.39999389648438,2.7523000240325928,7.859300136566162,406,4819.90380859375,25.239715576171875,6.067073345184326,682.20001220703125,687.4000244140625
61713,Lafayette Elementary,CONTRA COSTA,KK-08,3469,172.33999633789063,0,0.17339999973773956,496,5230.876953125,34.30099868774414,0.893629252910614,697.9000244140625,691.70001220703125
61747,Moraga Elementary,CONTRA COSTA,KK-08,1885,98.41999816894531,0.050599999725818634,0.30329999327659607,241,5592.76513671875,31.052000045776367,1.9628647565841675,697.4000244140625,695.70001220703125
61770,Orinda Union Elementary,CONTRA COSTA,KK-08,2422,139.47000122070313,0,0.12389999628067017,466,5933.154296875,40.263999938964844,0.5780346393585205,699.0999755859375,697.29998779296875
