district,school,county,grades,students,teachers,calworks,lunch,computer,expenditure,income,english,read,math
62638,Plaza Elementary,Glenn,KK-08,140,6.75,7.857100009918213,45.714298248291016,25,4566.27001953125,10.638999938964844,10.714285850524902,654.20001220703125,649.4000244140625
62596,Lake Elementary,Glenn,KK-08,129,5,9.302300453186035,50.38759994506836,10,4016.416259765625,10.638999938964844,6.201550483703613,667.5999755859375,662.29998779296875
62554,Capay Joint Union Elementary,Glenn,KK-08,144,8,4.1666998863220215,44.444400787353516,14,4507.35302734375,10.638999938964844,9.722222328186035,671.9000244140625,660.4000244140625
