district,school,county,grades,students,teachers,calworks,lunch,computer,expenditure,income,english,read,math
63230,Westmorland Union Elementary,imperial,KK-08,440,24,34.772701263427734,100,69,5725.5634765625,7.940999984741211,40.681819915771484,615.5999755859375,625.4000244140625
63073,Brawley Elementary,Imperial,KK-08,3760,183.75,26.901599884033203,65.79609680175781,717,5324.22802734375,9.664999961853027,36.48936080932617,636.20001220703125,640.4000244140625
63198,Meadows Union Elementary,Imperial,KK-08,500,22.43000030517578,18.799999237060547,83,70,5221.4609375,10.263999938964844,39.39999771118164,630.4000244140625,646.20001220703125
63123,El Centro Elementary,IMPERIAL,KK-08,6272,297.0400085449219,28.719999313354492,71.76239776611328,1338,5252.810546875,10.263999938964844,53.89030456542969,639.29998779296875,643.5999755859375
63172,Magnolia Union Elementary,Imperial,KK-08,108,5,3.6696999073028564,32.11009979248047,25,4432.47802734375,9.664999961853027,4.629629611968994,648.20001220703125,655.79998779296875
63180,McCabe Union Elementary,IMPERIAL,KK-08,536,22.5,5.5970001220703125,28.171600341796875,35,4260.306640625,10.263999938964844,8.768656730651855,653.4000244140625,653.70001220703125
