district,school,county,grades,students,teachers,calworks,lunch,computer,expenditure,income,english,read,math
63255,Bishop Union Elementary,inyo,KK-08,1510,73.30000305175781,10.25979995727539,37.10860061645508,141,5189.6279296875,13.522333145141602,8.741721153259277,662.79998779296875,656
