district,school,county,grades,students,teachers,calworks,lunch,computer,expenditure,income,english,read,math
63974,Lemoore Union Elementary,KINGS,KK-08,3017,138.5,14.976799964904785,56.0635986328125,496,4675.6748046875,11.081000328063965,17.003646850585938,634.4000244140625,632.9000244140625
63875,Armona Union Elementary,kings,KK-08,957,50,27.16819953918457,82.13169860839844,149,5306.1328125,9.081999778747559,17.659353256225586,634.70001220703125,633.0999755859375
63917,Hanford Elementary,KINGS,KK-08,5079,224.5,25.55929946899414,63.8036003112793,585,5228.65087890625,11.116000175476074,16.61744499206543,637.70001220703125,630.5
63966,Lakeside Union Elementary,kings,KK-08,499,30,40.367000579833984,83.11930084228516,94,5367.09033203125,11.116000175476074,22.845691680908203,635.5,633.5999755859375
63933,Island Union Elementary,KINGS,KK-08,246,11.5,9.756099700927734,43.902400970458984,38,5161.2021484375,11.081000328063965,16.666667938232422,647.79998779296875,646.0999755859375
63958,Kit Carson Union Elementary,Kings,KK-08,412,20.100000381469727,8.7378997802734375,60.922298431396484,72,5078.5,11.116000175476074,9.466019630432129,653,657.70001220703125
63883,Central Union Elementary,KINGS,KK-08,1789,96,2.9625000953674316,56.0088996887207,435,7070.63330078125,10.55666732788086,9.558412551879883,655.4000244140625,657.9000244140625
63990,Pioneer Union Elementary,Kings,KK-08,992,46.970001220703125,3.72979998588562,22.883100509643555,160,4615.90869140625,11.116000175476074,5.141129016876221,671.20001220703125,661.9000244140625
63941,Kings River-Hardwick Union Elementary,kings,KK-08,576,31,3.9930999279022217,28.125,92,4907.392578125,11.116000175476074,9.548611640930176,665.79998779296875,671
