district,school,county,grades,students,teachers,calworks,lunch,computer,expenditure,income,english,read,math
64048,Lucerne Elementary,lake,KK-08,300,15,48.344398498535156,72.1854019165039,55,5869.38916015625,11.553000450134277,0.6666666865348816,640.9000244140625,633.79998779296875
64063,Upper Lake Union Elementary,lake,KK-08,590,34.33000183105469,37.436798095703125,70.65769958496094,71,5655.13330078125,10.039999961853027,3.220339059829712,644.79998779296875,646.4000244140625
