district,school,county,grades,students,teachers,calworks,lunch,computer,expenditure,income,english,read,math
64105,Janesville Union Elementary,LASSEN,KK-08,516,26,9.259300231933594,24.814800262451172,65,4974.28125,13.467000007629395,1.9379844665527344,656.29998779296875,647.5
64188,Shaffer Union Elementary,Lassen,KK-08,419,18.670000076293945,13.953499794006348,50,58,4924.619140625,12.708000183105469,5.250596523284912,656.4000244140625,647.79998779296875
64196,Susanville Elementary,Lassen,KK-08,1449,76.98999786376953,16.52790069580078,42.60089874267578,125,5111.7392578125,12.640000343322754,1.2422360181808472,660.4000244140625,663.5
64113,Johnstonville Elementary,lassen,KK-08,244,11,15.573800086975098,40.16389846801758,15,5118.373046875,12.640000343322754,6.967213153839111,672.0999755859375,661.20001220703125
64170,Richmond Elementary,lassen,KK-08,198,9,2.4509999752044678,12.745100021362305,24,4593.19677734375,12.640000343322754,0,672.70001220703125,672.20001220703125
