district,school,county,grades,students,teachers,calworks,lunch,computer,expenditure,income,english,read,math
65193,Chowchilla Elementary,MADERA,KK-08,1600,74.5,27.26140022277832,79.72550201416016,242,4720.08642578125,10.472000122070313,35.25,635.70001220703125,627.0999755859375
65177,Alview-Dairyland Union Elementary,madera,KK-08,342,18.200000762939453,11.395999908447266,68.09120178222656,98,5490.65478515625,10.472000122070313,16.081871032714844,637.70001220703125,643.29998779296875
75135,Chawanakee Jt. Elementary,Madera,KK-08,1012,52.63999938964844,10.484700202941895,33.63010025024414,140,6735.775390625,13.522250175476074,1.383399248123169,660.79998779296875,658.79998779296875
65185,Bass Lake Joint Elementary,MADERA,KK-08,1202,62.29999923706055,12.076899528503418,35.84619903564453,190,5556.041015625,14.483332633972168,0,664.29998779296875,662.5999755859375
65219,Coarsegold Union Elementary,Madera,KK-08,953,52.599998474121094,7.987599849700928,33.921199798583984,135,5433.51416015625,14.262999534606934,0,668.0999755859375,676.5
