district,school,county,grades,students,teachers,calworks,lunch,computer,expenditure,income,english,read,math
65458,San Rafael City Elementary,marin,KK-08,3518,188.1999969482422,9.77079963684082,49.42689895629883,419,5642.83203125,22.472999572753906,40.10801696777344,656.70001220703125,656.9000244140625
65359,Lagunitas Elementary,Marin,KK-08,424,23.299999237060547,3.5376999378204346,15.3302001953125,39,6716.69287109375,22.138999938964844,0.2358490526676178,680.9000244140625,657.70001220703125
65318,Dixie Elementary,Marin,KK-08,1960,108.95999908447266,1.9416999816894531,3.7302000522613525,223,5368.5029296875,24.60300064086914,1.4795918464660645,684.0999755859375,674.70001220703125
65334,Kentfield Elementary,Marin,KK-08,1091,62.060001373291016,0.5367000102996826,0.5367000102996826,113,6489.9287109375,41.09299850463867,1.3748854398727417,689.79998779296875,674
75002,Ross Valley Elementary,Marin,KK-08,1803,99.5999984741211,1.9242000579833984,3.621999979019165,283,6315.3125,25.73699951171875,2.773155927658081,685.5999755859375,679.5
65367,Larkspur Elementary,MARIN,KK-08,948,53.560001373291016,1.7932000160217285,1.8986999988555908,155,5859.96484375,30.62849998474121,3.3755273818969727,692.20001220703125,679.9000244140625
65425,Reed Union Elementary,MARIN,KK-08,1059,65.12000274658203,0.8499000072479248,1.4163999557495117,272,6460.6572265625,55.327999114990234,2.266288995742798,695.9000244140625,692
65391,Mill Valley Elementary,marin,KK-08,2340,132.1999969482422,1.5812000036239624,2.4358999729156494,403,6415.35498046875,35.48099899291992,2.4786324501037598,693.5999755859375,694.9000244140625
