district,school,county,grades,students,teachers,calworks,lunch,computer,expenditure,income,english,read,math
65557,Arena Union Elementary,MENDOCINO,KK-08,337,16.549999237060547,21.262500762939453,60.13290023803711,26,6089.91064453125,10.03499984741211,15.430267333984375,642.70001220703125,635.9000244140625
