district,school,county,grades,students,teachers,calworks,lunch,computer,expenditure,income,english,read,math
65961,Alisal Union Elementary,MONTEREY,KK-06,7306,319.79998779296875,17.00149917602539,88.03489685058594,742,4997.87158203125,7.983181476593018,73.72023010253906,620.4000244140625,626
75440,Soledad Unified,Monterey,KK-08,2102,99.75,15.319899559020996,90.28489685058594,224,5347.45849609375,12.409000396728516,63.13035583496094,623,626.9000244140625
66050,King City Union Elementary,monterey,KK-08,2488,125,12.692000389099121,55.09299850463867,202,5117.1416015625,11.430999755859375,53.41640090942383,626.0999755859375,625.5999755859375
66142,Salinas City Elementary,monterey,KK-06,9028,449.9200134277344,13.988499641418457,69.94249725341797,669,5470.5625,13.40511703491211,37.49446105957031,633,630.70001220703125
66191,Santa Rita Union Elementary,MONTEREY,KK-08,2807,126.12000274658203,15.459500312805176,52.396400451660156,152,4353.01953125,12.996999740600586,33.487709045410156,637.29998779296875,627.5999755859375
66167,San Antonio Union Elementary,MONTEREY,KK-08,196,10,19.68910026550293,47.150299072265625,40,6087.60888671875,13.579000473022461,3.0612244606018066,652.5999755859375,632.9000244140625
66233,Washington Union Elementary,monterey,KK-08,919,46.88999938964844,1.049299955368042,0,141,4829.896484375,20.134000778198242,0.32644179463386536,680.20001220703125,679.4000244140625
