district,school,county,grades,students,teachers,calworks,lunch,computer,expenditure,income,english,read,math
66332,Grass Valley Elementary,nevada,KK-08,2045,107.20999908447266,12.127099990844727,40.929100036621094,268,5532.58203125,13.711999893188477,1.369193196296692,657.79998779296875,650.5999755859375
66316,Chicago Park Elementary,nevada,KK-08,145,10.210000038146973,8.275899887084961,20,20,5635.7861328125,13.711999893188477,0,657.79998779296875,655.20001220703125
66324,Clear Creek Elementary,NEVADA,KK-08,117,6,8.403400421142578,36.134498596191406,42,6039.98583984375,16.356000900268555,0.8547009229660034,664.9000244140625,649.9000244140625
66415,Twin Ridges Elementary,NEVADA,KK-08,590,35.76250076293945,7.796599864959717,30.67799949645996,78,7203.24658203125,11.465999603271484,0.16949152946472168,673.0999755859375,647.0999755859375
66381,Pleasant Valley Elementary,Nevada,KK-08,721,35.72999954223633,1.8494000434875488,18.49410057067871,82,5545.6103515625,18.593000411987305,0.6934812664985657,668.79998779296875,664.0999755859375
66399,Ready Springs Union Elementary,NEVADA,KK-08,567,30.079999923706055,4.895100116729736,29.020999908447266,103,5156.43701171875,18.593000411987305,0,673.9000244140625,670.20001220703125
66407,Union Hill Elementary,NEVADA,KK-08,706,37.7400016784668,2.5936999320983887,23.054800033569336,103,4789.30908203125,13.711999893188477,0.14164306223392487,676,672.5
66373,Pleasant Ridge Union Elementary,Nevada,KK-08,2089,102.77999877929688,2.5185000896453857,14.036999702453613,318,4993.634765625,16.356000900268555,0.14360937476158142,673.79998779296875,679.29998779296875
66340,Nevada City Elementary,nevada,KK-08,1579,80.23999786376953,5.555600166320801,21.78030014038086,165,5146.7841796875,15.428000450134277,0.0633312240242958,678.5,677.4000244140625
