district,school,county,grades,students,teachers,calworks,lunch,computer,expenditure,income,english,read,math
67199,Perris Elementary,RIVERSIDE,KK-06,4258,221,24.659500122070313,92.74310302734375,324,5092.91748046875,10.05049991607666,36.80131530761719,626.5,631
67231,Romoland Elementary,Riverside,KK-06,1358,65,14.790300369262695,80.86830139160156,178,4897.06787109375,12.062000274658203,30.633285522460938,632.29998779296875,641.0999755859375
67157,Nuview Union Elementary,riverside,KK-08,1255,55,11.322199821472168,44.259700775146484,165,4880.04052734375,15.27400016784668,16.095617294311523,642.5999755859375,643.79998779296875
67116,Menifee Union Elementary,Riverside,KK-08,4523,215,5.7519001960754395,29.198699951171875,409,4746.572265625,14.057999610900879,10.435551643371582,653.70001220703125,653.0999755859375
