district,school,county,grades,students,teachers,calworks,lunch,computer,expenditure,income,english,read,math
67306,Del Paso Heights Elementary,Sacramento,KK-06,2247,108,78.99420166015625,87.31639862060547,0,5036.21142578125,11.613332748413086,40.27592086791992,611.9000244140625,613.4000244140625
67421,Robla Elementary,sacramento,KK-06,2253,112.6500015258789,43.49760055541992,84.55390167236328,196,5526.23681640625,8.864999771118164,33.28894805908203,637.5,627
67397,North Sacramento Elementary,Sacramento,KK-06,5138,290.7749938964844,58.752201080322266,84.9990005493164,560,5606.78173828125,10.90564250946045,32.9894905090332,630.29998779296875,635.79998779296875
67322,Elverta Joint Elementary,SACRAMENTO,KK-08,417,23,19.90410041809082,46.0432014465332,27,5349.36767578125,11.829999923706055,0.9592326283454895,638,636.20001220703125
67405,Rio Linda Union Elementary,sacramento,KK-06,10337,540.04998779296875,37.226898193359375,58.5453987121582,1268,5456.197265625,12.343000411987305,12.353680610656738,646,643.0999755859375
67280,Arcohe Union Elementary,Sacramento,KK-08,519,26,16.76300048828125,37.95759963989258,65,4613.1875,15.130999565124512,1.9267823696136475,650.9000244140625,641.5
67348,Galt Joint Union Elementary,SACRAMENTO,KK-08,3669,201.97000122070313,11.35890007019043,41.05459976196289,500,4899.23974609375,13.225000381469727,24.25728988647461,652.70001220703125,656.5
