district,school,county,grades,students,teachers,calworks,lunch,computer,expenditure,income,english,read,math
67470,Hollister School District,san benito,KK-08,5718,295.04998779296875,6.840700149536133,37.04560089111328,313,5144.54931640625,13.630000114440918,22.71773338317871,641.4000244140625,637.5999755859375
67553,Southside Elementary,SAN BENITO,KK-08,157,9.25,1.8986999988555908,10.12660026550293,19,4884.8623046875,13.630000114440918,9.554140090942383,654.20001220703125,655.5
67504,North County Joint Union Elementary,San Benito,KK-08,565,29.649999618530273,6.7256999015808105,36.63719940185547,60,5382.0888671875,13.630000114440918,16.99114990234375,651.5999755859375,659.79998779296875
