district,school,county,grades,students,teachers,calworks,lunch,computer,expenditure,income,english,read,math
68536,Holt Union Elementary,San Joaquin,KK-08,195,10,12.903200149536133,94.62370300292969,28,5253.3310546875,6.577000141143799,68.71794891357422,604.5,609
68486,Banta Elementary,San Joaquin,KK-08,275,13,12.727299690246582,45.818199157714844,4,4692.56689453125,14.57800006866455,4.7272725105285645,643.20001220703125,645.70001220703125
68627,New Jerusalem Elementary,SAN JOAQUIN,KK-08,222,11.65999984741211,7.589300155639648,40.625,30,4886.98388671875,14.57800006866455,13.51351261138916,643,649.70001220703125
68551,Lammersville Elementary,san joaquin,KK-08,307,15.850000381469727,5.537499904632568,28.664499282836914,36,4718.1630859375,14.57800006866455,7.491856575012207,654.0999755859375,653.29998779296875
68544,Jefferson Elementary,san_joaquin,KK-08,865,43.5,3.084199905395508,12.57409954071045,96,4797.50341796875,14.57800006866455,3.3526010513305664,660.79998779296875,649.5999755859375
68635,Oak View Union Elementary,San Joaquin,KK-08,332,18.799999237060547,9.036100387573242,34.03609848022461,73,4963.06005859375,15.493000030517578,13.253012657165527,653.20001220703125,657.5999755859375
