district,school,county,grades,students,teachers,calworks,lunch,computer,expenditure,income,english,read,math
68791,Pleasant Valley Joint Union Elementary,San Luis Obispo,KK-06,139,7.199999809265137,0.7193999886512756,29.496400833129883,32,4862.79052734375,10.970999717712402,6.474819660186768,661.29998779296875,656.29998779296875
68726,Cayucos Elementary,SAN LUIS OBISPO,KK-08,296,15.430000305175781,5.592100143432617,25.986799240112305,42,5254.6318359375,22.757999420166016,5.405405521392822,674.5999755859375,670.0999755859375
