district,school,county,grades,students,teachers,calworks,lunch,computer,expenditure,income,english,read,math
69765,Live Oak Elementary,Santa Cruz,KK-08,2214,108.3499984741211,12.872599601745605,36.44990158081055,213,5951.005859375,16.406999588012695,17.028003692626953,656.0999755859375,650.0999755859375
69815,Santa Cruz City Elementary,santa_cruz,KK-06,3005,159.22000122070313,8.619000434875488,33.810298919677734,308,5650,17.900800704956055,23.061565399169922,666.70001220703125,661.5999755859375
69849,Soquel Elementary,Santa Cruz,KK-08,2458,124.06999969482422,6.018700122833252,24.603500366210938,193,5229.59130859375,18.796833038330078,11.269325256347656,666.9000244140625,665.29998779296875
69773,Mountain Elementary,SANTA CRUZ,KK-06,158,7.800000190734863,13.75,16.25,15,5399.38330078125,20.474000930786133,0,687.29998779296875,678
69757,Happy Valley Elementary,Santa Cruz,KK-06,141,6.909999847412109,10.071900367736816,9.352499961853027,44,6060.2568359375,20.089000701904297,0,680.4000244140625,688.20001220703125
69732,Bonny Doon Union Elementary,santa cruz,KK-06,235,12.600000381469727,4.660999774932861,5.932199954986572,30,5319.5537109375,18.283000946044922,0.42553189396858215,688.5,680.20001220703125
69781,Pacific Elementary,Santa Cruz,KK-06,81,4.849999904632568,13.253000259399414,20.48189926147461,21,7614.37939453125,30.84000015258789,12.34567928314209,693.79998779296875,681.29998779296875
