district,school,county,grades,students,teachers,calworks,lunch,computer,expenditure,income,english,read,math
70417,Montague Elementary,SISKIYOU,KK-08,252,16.5,23.45680046081543,66.255096435546875,32,6313.37353515625,9.781000137329102,0,640.9000244140625,630
70409,McCloud Union Elementary,SISKIYOU,KK-08,175,12.5,21.764699935913086,68.82350158691406,31,6653.03076171875,10.656000137329102,0,634.5999755859375,636.5999755859375
70185,Big Springs Union Elementary,siskiyou,KK-08,216,14,9.416999816894531,48.87889862060547,47,5923.45166015625,9.781000137329102,0.9259259104728699,652.70001220703125,634.29998779296875
70243,Dunsmuir Elementary,siskiyou,KK-08,285,18.719999313354492,26.64229965209961,76.27739715576172,36,6455.13671875,10.267999649047852,0,641.5999755859375,651.20001220703125
70482,Weed Union Elementary,siskiyou,KK-08,470,28.270000457763672,31.33049964904785,89.69960021972656,48,6485.166015625,11.175999641418457,5.957447052001953,655.0999755859375,645.79998779296875
70268,Etna Union Elementary,Siskiyou,KK-06,280,18.049999237060547,8.695699691772461,56.52170181274414,67,6210.3232421875,10.656332969665527,4.285714626312256,660.4000244140625,649.70001220703125
70508,Yreka Union Elementary,SISKIYOU,KK-08,1212,68.6500015258789,18.297199249267578,47.124698638916016,107,5475.1728515625,12.517999649047852,2.062706232070923,660.4000244140625,659.4000244140625
70425,Mt. Shasta Union Elementary,siskiyou,KK-08,822,46.650001525878906,8.073800086975098,25.605499267578125,105,5784.625,14.163000106811523,0.8515815138816833,668.29998779296875,657.5
70300,Fort Jones Union Elementary,Siskiyou,KK-06,160,10.880000114440918,13.375800132751465,53.50320053100586,38,6870.34619140625,11.826000213623047,2.5,666.9000244140625,666.79998779296875
