district,school,county,grades,students,teachers,calworks,lunch,computer,expenditure,income,english,read,math
71308,Turlock Joint Elementary,stanislaus,KK-08,7887,391.8599853515625,16.40239906311035,57.072200775146484,1004,4954.01953125,12.215999603271484,29.085838317871094,645.70001220703125,641.70001220703125
71050,Chatom Union Elementary,stanislaus,KK-08,806,41.529998779296875,7.178800106048584,56.67509841918945,36,5105.1796875,12.4313325881958,30.148883819580078,645.29998779296875,644.0999755859375
71282,Stanislaus Union Elementary,STANISLAUS,KK-08,3129,147.97999572753906,26.167600631713867,55.79010009765625,471,5125.43310546875,15.592857360839844,16.7146053314209,647.79998779296875,645.20001220703125
71266,Salida Union Elementary,Stanislaus,KK-08,2617,107.19499969482422,8.368200302124023,32.36970138549805,226,4547.94482421875,11.885749816894531,12.80091667175293,651.70001220703125,650.70001220703125
71290,Sylvan Union Elementary,STANISLAUS,KK-08,6373,329.1199951171875,12.678500175476074,36.88999938964844,624,4733.74658203125,14.59766674041748,6.260787487030029,657.5999755859375,653.0999755859375
71084,Gratton Elementary,Stanislaus,KK-08,105,5.730000019073486,0,0,16,4877.08642578125,13.586000442504883,10.476190567016602,662.5,661.29998779296875
71142,Knights Ferry Elementary,STANISLAUS,KK-08,125,7.079999923706055,4,14.399999618530273,25,4645.4130859375,14.177000045776367,0,688.5,674.70001220703125
