district,school,county,grades,students,teachers,calworks,lunch,computer,expenditure,income,english,read,math
71357,Brittan Elementary,sutter,KK-08,610,30.979999542236328,8.5246000289917,56.06560134887695,144,4704.0439453125,11.282999992370605,3.4426231384277344,640.29998779296875,638.20001220703125
71381,Franklin Elementary,sutter,KK-08,374,18.450000762939453,6.684500217437744,7.486599922180176,46,4219.40625,15.409000396728516,4.278074741363525,651.5999755859375,643.5999755859375
71407,Marcum-Illinois Union Elementary,sutter,KK-08,140,7,3.5713999271392822,39.285701751708984,40,4830.326171875,12.875,7.857142925262451,651.5999755859375,645.0999755859375
71431,Pleasant Grove Joint Union Elementary,sutter,KK-08,170,7.5,10.588199615478516,32.352901458740234,41,4145.8359375,11.911999702453613,1.764706015586853,660.29998779296875,644.5
71423,Nuestro Elementary,Sutter,KK-08,103,5,5.825200080871582,23.301000595092773,13,5249.36474609375,8.776000022888184,0.9708737730979919,662.20001220703125,647.5999755859375
71365,Browns Elementary,SUTTER,KK-08,158,8,6.329100131988525,25.316499710083008,34,4529.28369140625,11.64900016784668,8.860759735107422,661,653.29998779296875
