district,school,county,grades,students,teachers,calworks,lunch,computer,expenditure,income,english,read,math
71548,Gerber Union Elementary,tehama,KK-08,544,30,20.550500869750977,74.862396240234375,145,5223.025390625,10.055999755859375,8.639705657958984,641.79998779296875,642.5999755859375
71498,Corning Union Elementary,Tehama,KK-08,1962,98,24.41510009765625,67.751800537109375,170,5204.6875,9.484999656677246,18.19571876525879,641.70001220703125,645.0999755859375
71647,Reeds Creek Elementary,tehama,KK-08,133,6,11.194000244140625,35.820899963378906,0,5213.08935546875,11.425999641418457,0.7518796920776367,652.5,639.5
71621,Red Bluff Union Elementary,Tehama,KK-08,2326,117.80000305175781,17.975099563598633,52.25230026245117,345,5149.1865234375,11.425999641418457,6.40584659576416,651.29998779296875,648.0999755859375
71563,Lassen View Union Elementary,TEHAMA,KK-08,347,17.5,18.44379997253418,53.602298736572266,56,4751.2998046875,10.20199966430664,9.798271179199219,655.5,652.0999755859375
71472,Antelope Elementary,tehama,KK-08,551,28.5,15.234399795532227,51.5625,46,4840.93603515625,11.425999641418457,3.9927403926849365,660.20001220703125,655.29998779296875
71522,Evergreen Union Elementary,TEHAMA,KK-08,823,46,13.851799964904785,55.285499572753906,127,5331.9208984375,10.550999641418457,2.1871204376220703,657.70001220703125,670.0999755859375
71654,Richfield Elementary,TEHAMA,KK-08,187,9.760000228881836,17.553199768066406,44.68090057373047,37,4357.826171875,9.484999656677246,8.55614948272705,664.5999755859375,674.0999755859375
