district,school,county,grades,students,teachers,calworks,lunch,computer,expenditure,income,english,read,math
71696,Douglas City Elementary,Trinity,KK-08,139,7.349999904632568,20.863300323486328,66.90650177001953,40,5771.3837890625,13.27299976348877,0,680.0999755859375,672.20001220703125
71787,Weaverville Elementary,trinity,KK-08,449,25.5,12.727299690246582,48.484798431396484,50,5884.43212890625,12.934000015258789,0,672.79998779296875,681.0999755859375
