district,school,county,grades,students,teachers,calworks,lunch,computer,expenditure,income,english,read,math
72421,Twain Harte-Long Barn Union Elementary,TUOLUMNE,KK-08,752,39.5,11.71049976348877,34.07889938354492,0,5500.10791015625,14.076000213623047,0.13297872245311737,652.29998779296875,636.0999755859375
72363,Jamestown Elementary,tuolumne,KK-08,501,30.5,20.634899139404297,54.76190185546875,163,5373.20654296875,8.829999923706055,2.395209789276123,652.5999755859375,647.0999755859375
72405,Summerville Elementary,Tuolumne,KK-08,474,26.34000015258789,21.995899200439453,54.98979949951172,61,5634.73095703125,10.520999908447266,0,653.5999755859375,647.70001220703125
72348,Columbia Union Elementary,Tuolumne,KK-08,461,26,14.470800399780273,48.81209945678711,150,5630.19482421875,10.311332702636719,0.21691974997520447,666.9000244140625,654.5999755859375
72371,Sonora Elementary,TUOLUMNE,KK-08,895,47.58000183105469,17.553199768066406,42.446800231933594,70,5408.78173828125,14.180000305175781,1.8994413614273071,662.70001220703125,661
72355,Curtis Creek Elementary,TUOLUMNE,KK-08,830,46.65999984741211,10.41189956665039,32.608699798583984,95,4906.0302734375,14.180000305175781,0.4819277226924896,662.0999755859375,671.29998779296875
