district,school,county,grades,students,teachers,calworks,lunch,computer,expenditure,income,english,read,math
72538,Oxnard Elementary,Ventura,KK-08,15386,669.3599853515625,12.506400108337402,71.43309783935547,1762,5338.185546875,11.48294448852539,49.64253234863281,627.79998779296875,628.70001220703125
72561,Rio Elementary,ventura,KK-08,3074,142.5500030517578,11.289799690246582,66.19490051269531,249,5034.2900390625,11.592000007629395,38.15875244140625,633.20001220703125,632.5
72587,Santa Paula Elementary,VENTURA,KK-08,3835,186.1999969482422,13.991100311279297,72.86280059814453,897,5533.1494140625,11.937999725341797,34.88917922973633,633,638.20001220703125
72447,Briggs Elementary,Ventura,KK-08,426,20,3.990600109100342,64.7886962890625,87,4436.15283203125,11.937999725341797,9.62441349029541,634.29998779296875,645.5
72462,Hueneme Elementary,VENTURA,KK-08,8416,391.4200134277344,12.39900016784668,71.91210174560547,1333,5065.9111328125,12.669899940490723,43.75,642.9000244140625,647.29998779296875
72512,Ocean View Elementary,Ventura,KK-08,2440,121.23999786376953,7.275899887084961,47.02989959716797,116,5467.673828125,9.854000091552734,48.52458953857422,645.5,646
72553,Pleasant Valley Elementary,ventura,KK-08,7116,356.82000732421875,2.5989999771118164,13.276200294494629,785,5008.07080078125,20.93642807006836,7.996065139770508,667.5,665.79998779296875
72470,Mesa Union Elementary,VENTURA,KK-08,516,21.5,0.968999981880188,27.713199615478516,50,4392.6796875,23.732999801635742,11.04651165008545,680.5,673.20001220703125
72611,Somis Union Elementary,ventura,KK-08,441,20.149999618530273,3.563499927520752,37.19380187988281,45,4402.83154296875,23.732999801635742,24.263038635253906,648.29998779296875,641.70001220703125
