district,school,county,grades,students,teachers,calworks,lunch,computer,expenditure,income,english,read,math
72744,Plumas Elementary,yuba,KK-08,101,5,11.881199836730957,59.40589904785156,14,4776.33642578125,9.95199966430664,2.97029709815979,667.9000244140625,676.5
72751,Wheatland Elementary,YUBA,KK-08,1778,93.4000015258789,6.923500061035156,47.57120132446289,313,5993.392578125,12.501999855041504,5.005624294281006,660.5,651
